0.19761018880210202,0.011881533086864238,0.645,0.675
0.2536101888020994,0.001031533086852221,0.6350000000000001,0.685
0.30061018880208223,-0.0074184669131227565,0.625,0.6900000000000001
0.34161018880209326,-0.013768466913134603,0.6150000000000001,0.6950000000000001
0.37961018880208997,-0.018318466913136433,0.6050000000000001,0.6950000000000001
0.4176101888020938,-0.021368466913138207,0.6000000000000001,0.6950000000000001
0.4586101888020906,-0.02321846691313567,0.6000000000000001,0.6950000000000001
0.5056101888020876,-0.02416846691313168,0.6000000000000001,0.6950000000000001
0.561610188802085,-0.024518466913136194,0.6000000000000001,0.6950000000000001
0.62961018880209,-0.024568466913137854,0.6000000000000001,0.7000000000000001
0.6976101888020807,-0.024568466913137854,0.5950000000000001,0.7000000000000001
0.7536101888020923,-0.024568466913137854,0.5950000000000001,0.7000000000000001
0.8006101888020893,-0.024568466913137854,0.5950000000000001,0.7000000000000001
0.8416101888020862,-0.024568466913137854,0.5950000000000001,0.7000000000000001
0.87961018880209,-0.024568466913137854,0.5950000000000001,0.7000000000000001
0.9176101888020867,-0.02456846691313075,0.6000000000000001,0.6950000000000001
0.9586101888020835,-0.024568466913137854,0.5950000000000001,0.7000000000000001
1.0056101888020876,-0.024568466913137854,0.5950000000000001,0.7000000000000001
1.061610188802085,-0.024568466913137854,0.5950000000000001,0.7000000000000001
1.12961018880209,-0.024568466913137854,0.5950000000000001,0.7000000000000001
1.1976101888020807,-0.024568466913137854,0.5950000000000001,0.7000000000000001
1.2536101888020923,-0.024568466913137854,0.5950000000000001,0.7000000000000001
1.3006101888020822,-0.024568466913137854,0.5950000000000001,0.7000000000000001
1.3416101888020862,-0.024568466913137854,0.5950000000000001,0.7000000000000001
1.37961018880209,-0.024568466913137854,0.5950000000000001,0.7000000000000001
1.4176101888020867,-0.02456846691313075,0.6000000000000001,0.6950000000000001
1.4586101888020977,-0.024568466913137854,0.5950000000000001,0.7000000000000001
1.5056101888020876,-0.024568466913137854,0.5950000000000001,0.7000000000000001
1.561610188802085,-0.024568466913137854,0.5950000000000001,0.7000000000000001
1.62961018880209,-0.024568466913137854,0.5950000000000001,0.7000000000000001
1.697610188802095,-0.024568466913137854,0.5950000000000001,0.7000000000000001
1.7536101888020923,-0.024568466913137854,0.5950000000000001,0.7000000000000001
1.8006101888020893,-0.024568466913137854,0.5950000000000001,0.7000000000000001
1.8416101888020862,-0.024568466913137854,0.5950000000000001,0.7000000000000001
1.87961018880209,-0.024568466913137854,0.5950000000000001,0.7000000000000001
1.9176101888020867,-0.02456846691313075,0.6000000000000001,0.6950000000000001
1.9586101888020977,-0.024568466913137854,0.5950000000000001,0.7000000000000001
2.0056101888020876,-0.024568466913137854,0.5950000000000001,0.7000000000000001
2.061610188802085,-0.024568466913137854,0.5950000000000001,0.7000000000000001
2.12961018880209,-0.024568466913137854,0.5950000000000001,0.7000000000000001
2.197610188802095,-0.024568466913137854,0.5950000000000001,0.7000000000000001
2.2536101888020994,-0.024568466913137854,0.5950000000000001,0.7000000000000001
2.3006101888020893,-0.024568466913137854,0.5950000000000001,0.7000000000000001
2.341610188802086,-0.024568466913137854,0.5950000000000001,0.7000000000000001
2.37961018880209,-0.024568466913137854,0.5950000000000001,0.7000000000000001
2.4176101888020867,-0.024568466913137854,0.5950000000000001,0.7000000000000001
2.4586101888020977,-0.024568466913137854,0.5950000000000001,0.7000000000000001
2.5056101888020876,-0.024568466913137854,0.5950000000000001,0.7000000000000001
2.561610188802092,-0.024568466913137854,0.5950000000000001,0.7000000000000001
2.62961018880209,-0.024568466913137854,0.5950000000000001,0.7000000000000001
2.6976101888020807,-0.024568466913137854,0.5950000000000001,0.7000000000000001
2.7536101888020923,-0.024568466913137854,0.5950000000000001,0.7000000000000001
2.8006101888020893,-0.024568466913137854,0.5950000000000001,0.7000000000000001
2.841610188802086,-0.024568466913137854,0.5950000000000001,0.7000000000000001
2.87961018880209,-0.024568466913137854,0.5950000000000001,0.7000000000000001
2.917610188802101,-0.024568466913137854,0.5950000000000001,0.7000000000000001
2.9586101888020835,-0.024568466913137854,0.5950000000000001,0.7000000000000001
3.0056101888020876,-0.024568466913137854,0.5950000000000001,0.7000000000000001
3.061610188802085,-0.024568466913137854,0.5950000000000001,0.7000000000000001
3.12961018880209,-0.024568466913137854,0.5950000000000001,0.7000000000000001
3.197610188802095,-0.024568466913137854,0.5950000000000001,0.7000000000000001
3.253610188802078,-0.024568466913137854,0.5950000000000001,0.7000000000000001
3.3006101888020893,-0.024568466913137854,0.5950000000000001,0.7000000000000001
3.341610188802086,-0.024568466913137854,0.5950000000000001,0.7000000000000001
3.37961018880209,-0.024568466913137854,0.5950000000000001,0.7000000000000001
3.4176101888020867,-0.024568466913137854,0.5950000000000001,0.7000000000000001
3.4586101888020835,-0.024568466913137854,0.5950000000000001,0.7000000000000001
3.5056101888020876,-0.024568466913137854,0.5950000000000001,0.7000000000000001
3.561610188802085,-0.024568466913137854,0.5950000000000001,0.7000000000000001
3.62961018880209,-0.024568466913137854,0.5950000000000001,0.7000000000000001
3.6976101888020807,-0.024568466913137854,0.5950000000000001,0.7000000000000001
3.7536101888020923,-0.024568466913137854,0.5950000000000001,0.7000000000000001
3.8006101888020822,-0.024568466913137854,0.5950000000000001,0.7000000000000001
3.841610188802086,-0.024568466913137854,0.5950000000000001,0.7000000000000001
3.87961018880209,-0.024568466913137854,0.5950000000000001,0.7000000000000001
3.9176101888020867,-0.024568466913137854,0.5950000000000001,0.7000000000000001
3.9586101888020835,-0.024568466913137854,0.5950000000000001,0.7000000000000001
4.005610188802088,-0.024568466913137854,0.5950000000000001,0.7000000000000001
4.061610188802085,-0.024568466913137854,0.5950000000000001,0.7000000000000001
4.12961018880209,-0.024568466913137854,0.5950000000000001,0.7000000000000001
4.197610188802095,-0.024568466913137854,0.5950000000000001,0.7000000000000001
4.253610188802078,-0.024568466913137854,0.5950000000000001,0.7000000000000001
4.300610188802089,-0.024568466913137854,0.5950000000000001,0.7000000000000001
4.341610188802086,-0.024568466913137854,0.5950000000000001,0.7000000000000001
4.37961018880209,-0.024568466913137854,0.5950000000000001,0.7000000000000001
4.417610188802087,-0.024568466913137854,0.5950000000000001,0.7000000000000001
4.4586101888020835,-0.024568466913137854,0.5950000000000001,0.7000000000000001
4.505610188802088,-0.024568466913137854,0.5950000000000001,0.7000000000000001
4.561610188802085,-0.024568466913137854,0.5950000000000001,0.7000000000000001
4.62961018880209,-0.024568466913137854,0.5950000000000001,0.7000000000000001
4.697610188802081,-0.024568466913137854,0.5950000000000001,0.7000000000000001
4.753610188802092,-0.024568466913137854,0.5950000000000001,0.7000000000000001
4.800610188802089,-0.024568466913137854,0.5950000000000001,0.7000000000000001
4.841610188802086,-0.024568466913137854,0.5950000000000001,0.7000000000000001
4.87961018880209,-0.024568466913137854,0.5950000000000001,0.7000000000000001
4.917610188802087,-0.024568466913137854,0.5950000000000001,0.7000000000000001
4.958610188802098,-0.024568466913137854,0.5950000000000001,0.7000000000000001
5.005610188802088,-0.024568466913137854,0.5950000000000001,0.7000000000000001
5.061610188802085,-0.024568466913137854,0.5950000000000001,0.7000000000000001
5.12961018880209,-0.024568466913137854,0.5950000000000001,0.7000000000000001
5.197610188802081,-0.024568466913137854,0.5950000000000001,0.7000000000000001
5.253610188802092,-0.024568466913137854,0.5950000000000001,0.7000000000000001
5.300610188802089,-0.024568466913137854,0.5950000000000001,0.7000000000000001
5.341610188802086,-0.024568466913137854,0.5950000000000001,0.7000000000000001
5.37961018880209,-0.024568466913137854,0.5950000000000001,0.7000000000000001
5.417610188802101,-0.024568466913137854,0.5950000000000001,0.7000000000000001
5.4586101888020835,-0.024568466913137854,0.5950000000000001,0.7000000000000001
5.505610188802088,-0.024568466913137854,0.5950000000000001,0.7000000000000001
5.561610188802092,-0.024568466913137854,0.5950000000000001,0.7000000000000001
5.62961018880209,-0.024568466913137854,0.5950000000000001,0.7000000000000001
5.697610188802081,-0.024568466913137854,0.5950000000000001,0.7000000000000001
5.753610188802092,-0.024568466913137854,0.5950000000000001,0.7000000000000001
5.800610188802089,-0.024568466913137854,0.5950000000000001,0.7000000000000001
5.8416101888021,-0.024568466913137854,0.5950000000000001,0.7000000000000001
5.87961018880209,-0.024568466913137854,0.5950000000000001,0.7000000000000001
5.917610188802087,-0.024568466913137854,0.5950000000000001,0.7000000000000001
5.9586101888020835,-0.024568466913137854,0.5950000000000001,0.7000000000000001
6.005610188802088,-0.024568466913137854,0.5950000000000001,0.7000000000000001
6.061610188802085,-0.024568466913137854,0.5950000000000001,0.7000000000000001
6.12961018880209,-0.024568466913137854,0.5950000000000001,0.7000000000000001
6.197610188802081,-0.024568466913137854,0.5950000000000001,0.7000000000000001
6.253610188802092,-0.024568466913137854,0.5950000000000001,0.7000000000000001
6.300610188802082,-0.024568466913137854,0.5950000000000001,0.7000000000000001
6.3416101888021,-0.024568466913137854,0.5950000000000001,0.7000000000000001
6.37961018880209,-0.024568466913137854,0.5950000000000001,0.7000000000000001
6.417610188802087,-0.024568466913137854,0.5950000000000001,0.7000000000000001
6.4586101888020835,-0.024568466913137854,0.5950000000000001,0.7000000000000001
6.505610188802088,-0.024568466913137854,0.5950000000000001,0.7000000000000001
6.561610188802085,-0.024568466913137854,0.5950000000000001,0.7000000000000001
6.62961018880209,-0.024568466913137854,0.5950000000000001,0.7000000000000001
6.697610188802081,-0.024568466913137854,0.5950000000000001,0.7000000000000001
6.753610188802092,-0.024568466913137854,0.5950000000000001,0.7000000000000001
6.800610188802089,-0.024568466913137854,0.5950000000000001,0.7000000000000001
6.841610188802086,-0.024568466913137854,0.5950000000000001,0.7000000000000001
6.87961018880209,-0.024568466913137854,0.5950000000000001,0.7000000000000001
6.917610188802087,-0.024568466913137854,0.5950000000000001,0.7000000000000001
6.9586101888020835,-0.024568466913137854,0.5950000000000001,0.7000000000000001
7.005610188802088,-0.024568466913137854,0.5950000000000001,0.7000000000000001
7.061610188802085,-0.024568466913137854,0.5950000000000001,0.7000000000000001
7.12961018880209,-0.024568466913137854,0.5950000000000001,0.7000000000000001
7.197610188802081,-0.024568466913137854,0.5950000000000001,0.7000000000000001
7.253610188802078,-0.024568466913137854,0.5950000000000001,0.7000000000000001
7.300610188802089,-0.024568466913137854,0.5950000000000001,0.7000000000000001
7.341610188802086,-0.024568466913137854,0.5950000000000001,0.7000000000000001
7.37961018880209,-0.024568466913137854,0.5950000000000001,0.7000000000000001
7.417610188802101,-0.024568466913137854,0.5950000000000001,0.7000000000000001
7.4586101888020835,-0.024568466913137854,0.5950000000000001,0.7000000000000001
7.505610188802088,-0.024568466913137854,0.5950000000000001,0.7000000000000001
7.561610188802085,-0.024568466913137854,0.5950000000000001,0.7000000000000001
7.62961018880209,-0.024568466913137854,0.5950000000000001,0.7000000000000001
7.697610188802081,-0.024568466913137854,0.5950000000000001,0.7000000000000001
7.753610188802092,-0.024568466913137854,0.5950000000000001,0.7000000000000001
7.800610188802082,-0.024568466913137854,0.5950000000000001,0.7000000000000001
7.8416101888021,-0.024568466913137854,0.5950000000000001,0.7000000000000001
7.87961018880209,-0.024568466913137854,0.5950000000000001,0.7000000000000001
7.917610188802087,-0.024568466913137854,0.5950000000000001,0.7000000000000001
7.9586101888020835,-0.024568466913137854,0.5950000000000001,0.7000000000000001
8.005610188802088,-0.024568466913137854,0.5950000000000001,0.7000000000000001
8.061610188802085,-0.024568466913137854,0.5950000000000001,0.7000000000000001
8.12961018880209,-0.024568466913137854,0.5950000000000001,0.7000000000000001
8.19761018880208,-0.024568466913137854,0.5950000000000001,0.7000000000000001
8.253610188802092,-0.024568466913137854,0.5950000000000001,0.7000000000000001
8.300610188802082,-0.024568466913137854,0.5950000000000001,0.7000000000000001
8.341610188802079,-0.024568466913137854,0.5950000000000001,0.7000000000000001
8.37961018880209,-0.024568466913137854,0.5950000000000001,0.7000000000000001
8.417610188802087,-0.024568466913137854,0.5950000000000001,0.7000000000000001
8.458610188802083,-0.024568466913137854,0.5950000000000001,0.7000000000000001
8.505610188802088,-0.024568466913137854,0.5950000000000001,0.7000000000000001
8.561610188802085,-0.024568466913137854,0.5950000000000001,0.7000000000000001
8.62961018880209,-0.024568466913137854,0.5950000000000001,0.7000000000000001
8.697610188802095,-0.024568466913137854,0.5950000000000001,0.7000000000000001
8.753610188802092,-0.024568466913137854,0.5950000000000001,0.7000000000000001
8.800610188802082,-0.024568466913137854,0.5950000000000001,0.7000000000000001
8.841610188802079,-0.024568466913137854,0.5950000000000001,0.7000000000000001
8.87961018880209,-0.024568466913137854,0.5950000000000001,0.7000000000000001
8.917610188802087,-0.024568466913137854,0.5950000000000001,0.7000000000000001
8.958610188802083,-0.024568466913137854,0.5950000000000001,0.7000000000000001
9.005610188802088,-0.024568466913137854,0.5950000000000001,0.7000000000000001
9.061610188802085,-0.024568466913137854,0.5950000000000001,0.7000000000000001
9.12961018880209,-0.024568466913137854,0.5950000000000001,0.7000000000000001
9.19761018880208,-0.024568466913137854,0.5950000000000001,0.7000000000000001
9.253610188802092,-0.024568466913137854,0.5950000000000001,0.7000000000000001
9.300610188802082,-0.024568466913137854,0.5950000000000001,0.7000000000000001
9.341610188802086,-0.024568466913137854,0.5950000000000001,0.7000000000000001
9.37961018880209,-0.024568466913137854,0.5950000000000001,0.7000000000000001
9.4176101888021,-0.024568466913137854,0.5950000000000001,0.7000000000000001
9.458610188802098,-0.024568466913137854,0.5950000000000001,0.7000000000000001
9.505610188802088,-0.024568466913137854,0.5950000000000001,0.7000000000000001
9.561610188802085,-0.024568466913137854,0.5950000000000001,0.7000000000000001
9.62961018880209,-0.024568466913137854,0.5950000000000001,0.7000000000000001
9.697610188802095,-0.024568466913137854,0.5950000000000001,0.7000000000000001
9.753610188802078,-0.024568466913137854,0.5950000000000001,0.7000000000000001
9.800610188802082,-0.024568466913137854,0.5950000000000001,0.7000000000000001
9.8416101888021,-0.024568466913137854,0.5950000000000001,0.7000000000000001
9.87961018880209,-0.024568466913137854,0.5950000000000001,0.7000000000000001
9.917610188802087,-0.024568466913137854,0.5950000000000001,0.7000000000000001
9.958610188802083,-0.024568466913137854,0.5950000000000001,0.7000000000000001
10.005610188802088,-0.024568466913137854,0.5950000000000001,0.7000000000000001
10.061610188802085,-0.024568466913137854,0.5950000000000001,0.7000000000000001
10.12961018880209,-0.024568466913137854,0.5950000000000001,0.7000000000000001
10.19761018880208,-0.024568466913137854,0.5950000000000001,0.7000000000000001
10.253610188802078,-0.024568466913137854,0.5950000000000001,0.7000000000000001
10.30061018880209,-0.024568466913137854,0.5950000000000001,0.7000000000000001
10.341610188802086,-0.024568466913137854,0.5950000000000001,0.7000000000000001
10.37961018880209,-0.024568466913137854,0.5950000000000001,0.7000000000000001
10.417610188802087,-0.024568466913137854,0.5950000000000001,0.7000000000000001
10.458610188802083,-0.024568466913137854,0.5950000000000001,0.7000000000000001
10.505610188802088,-0.024568466913137854,0.5950000000000001,0.7000000000000001
10.561610188802085,-0.024568466913137854,0.5950000000000001,0.7000000000000001
10.62961018880209,-0.024568466913137854,0.5950000000000001,0.7000000000000001
10.697610188802095,-0.024568466913137854,0.5950000000000001,0.7000000000000001
10.753610188802092,-0.024568466913137854,0.5950000000000001,0.7000000000000001
10.80061018880209,-0.024568466913137854,0.5950000000000001,0.7000000000000001
10.841610188802086,-0.024568466913137854,0.5950000000000001,0.7000000000000001
10.87961018880209,-0.024568466913137854,0.5950000000000001,0.7000000000000001
10.917610188802087,-0.024568466913137854,0.5950000000000001,0.7000000000000001
10.958610188802083,-0.024568466913137854,0.5950000000000001,0.7000000000000001
11.005610188802102,-0.024568466913137854,0.5950000000000001,0.7000000000000001
11.061610188802085,-0.024568466913137854,0.5950000000000001,0.7000000000000001
11.12961018880209,-0.024568466913137854,0.5950000000000001,0.7000000000000001
11.197610188802095,-0.024568466913137854,0.5950000000000001,0.7000000000000001
11.253610188802092,-0.024568466913137854,0.5950000000000001,0.7000000000000001
11.30061018880209,-0.024568466913137854,0.5950000000000001,0.7000000000000001
11.341610188802086,-0.024568466913137854,0.5950000000000001,0.7000000000000001
11.37961018880209,-0.024568466913137854,0.5950000000000001,0.7000000000000001
11.417610188802087,-0.024568466913137854,0.5950000000000001,0.7000000000000001
11.458610188802083,-0.024568466913137854,0.5950000000000001,0.7000000000000001
11.505610188802088,-0.024568466913137854,0.5950000000000001,0.7000000000000001
11.561610188802085,-0.024568466913137854,0.5950000000000001,0.7000000000000001
11.62961018880209,-0.024568466913137854,0.5950000000000001,0.7000000000000001
11.697610188802095,-0.024568466913137854,0.5950000000000001,0.7000000000000001
11.753610188802092,-0.024568466913137854,0.5950000000000001,0.7000000000000001
11.80061018880209,-0.024568466913137854,0.5950000000000001,0.7000000000000001
11.841610188802086,-0.024568466913137854,0.5950000000000001,0.7000000000000001
11.87961018880209,-0.024568466913137854,0.5950000000000001,0.7000000000000001
11.91761018880208,-0.024568466913137854,0.5950000000000001,0.7000000000000001
11.958610188802083,-0.024568466913137854,0.5950000000000001,0.7000000000000001
12.005610188802088,-0.024568466913137854,0.5950000000000001,0.7000000000000001
12.061610188802085,-0.024568466913137854,0.5950000000000001,0.7000000000000001
12.12961018880209,-0.024568466913137854,0.5950000000000001,0.7000000000000001
12.197610188802095,-0.024568466913137854,0.5950000000000001,0.7000000000000001
12.2536101888021,-0.024568466913137854,0.5950000000000001,0.7000000000000001
12.30061018880209,-0.024568466913137854,0.5950000000000001,0.7000000000000001
12.341610188802079,-0.024568466913137854,0.5950000000000001,0.7000000000000001
12.37961018880209,-0.024568466913137854,0.5950000000000001,0.7000000000000001
12.417610188802087,-0.024568466913137854,0.5950000000000001,0.7000000000000001
12.458610188802083,-0.024568466913137854,0.5950000000000001,0.7000000000000001
12.505610188802088,-0.024568466913137854,0.5950000000000001,0.7000000000000001
12.561610188802085,-0.024568466913137854,0.5950000000000001,0.7000000000000001
12.62961018880209,-0.024568466913137854,0.5950000000000001,0.7000000000000001
12.697610188802095,-0.024568466913137854,0.5950000000000001,0.7000000000000001
12.753610188802092,-0.024568466913137854,0.5950000000000001,0.7000000000000001
12.800610188802082,-0.024568466913137854,0.5950000000000001,0.7000000000000001
12.841610188802086,-0.024568466913137854,0.5950000000000001,0.7000000000000001
12.87961018880209,-0.024568466913137854,0.5950000000000001,0.7000000000000001
12.917610188802087,-0.024568466913137854,0.5950000000000001,0.7000000000000001
12.958610188802098,-0.024568466913137854,0.5950000000000001,0.7000000000000001
13.005610188802088,-0.024568466913137854,0.5950000000000001,0.7000000000000001
13.061610188802085,-0.024568466913137854,0.5950000000000001,0.7000000000000001
13.12961018880209,-0.024568466913137854,0.5950000000000001,0.7000000000000001
13.19761018880208,-0.024568466913137854,0.5950000000000001,0.7000000000000001
13.253610188802078,-0.024568466913137854,0.5950000000000001,0.7000000000000001
13.30061018880209,-0.024568466913137854,0.5950000000000001,0.7000000000000001
13.341610188802086,-0.024568466913137854,0.5950000000000001,0.7000000000000001
13.37961018880209,-0.024568466913137854,0.5950000000000001,0.7000000000000001
13.417610188802087,-0.024568466913137854,0.5950000000000001,0.7000000000000001
13.458610188802098,-0.024568466913137854,0.5950000000000001,0.7000000000000001
13.505610188802088,-0.024568466913137854,0.5950000000000001,0.7000000000000001
13.561610188802085,-0.024568466913137854,0.5950000000000001,0.7000000000000001
13.62961018880209,-0.024568466913137854,0.5950000000000001,0.7000000000000001
13.697610188802095,-0.024568466913137854,0.5950000000000001,0.7000000000000001
13.753610188802078,-0.024568466913137854,0.5950000000000001,0.7000000000000001
13.800610188802082,-0.024568466913137854,0.5950000000000001,0.7000000000000001
13.8416101888021,-0.024568466913137854,0.5950000000000001,0.7000000000000001
13.879610188802083,-0.024568466913137854,0.5950000000000001,0.7000000000000001
13.917610188802094,-0.024568466913137854,0.5950000000000001,0.7000000000000001
13.95861018880209,-0.024568466913137854,0.5950000000000001,0.7000000000000001
14.005610188802088,-0.024568466913137854,0.5950000000000001,0.7000000000000001
14.061610188802085,-0.024568466913137854,0.5950000000000001,0.7000000000000001
14.129610188802083,-0.024568466913137854,0.6000000000000001,0.7000000000000001
14.19761018880208,-0.029918466913130715,0.6000000000000001,0.7100000000000001
14.417610188802094,-0.10016846691313219,0.52,0.775
14.826260188802088,0.19643153308685868,0.7300000000000001,0.6100000000000001
14.8784101888021,0.2374315330868626,0.7200000000000001,0.56
14.960810188802093,0.3134315330868631,0.6800000000000002,0.5650000000000001
15.034810188802076,0.6494315330868687,0.545,0.5050000000000001
15.040410188802092,0.6964315330868658,0.54,0.515
15.047210188802076,0.7374315330868626,0.54,0.525
15.054610188802094,0.7754315330868664,0.5300000000000001,0.52
15.062010188802098,0.8134315330868631,0.525,0.49000000000000005
15.068810188802097,0.8544315330868741,0.515,0.49000000000000005
15.074410188802084,0.9014315330868712,0.5050000000000001,0.49500000000000005
15.078210188802082,0.9574315330868686,0.5,0.49500000000000005
15.079610188802086,1.0254315330868664,0.5,0.5
15.08101018880209,1.0934315330868714,0.49500000000000005,0.5
15.084810188802074,1.1494315330868687,0.49500000000000005,0.5050000000000001
15.090410188802089,1.1964315330868658,0.49000000000000005,0.515
15.097210188802087,1.2374315330868626,0.49000000000000005,0.49500000000000005
15.104610188802091,1.2754315330868664,0.52,0.4800000000000001
15.112010188802095,1.3134315330868631,0.525,0.49000000000000005
15.11881018880208,1.35443153308686,0.515,0.49000000000000005
15.124410188802095,1.401431533086864,0.5050000000000001,0.49500000000000005
15.128210188802079,1.4574315330868615,0.5,0.49500000000000005
15.129610188802083,1.5254315330868664,0.5,0.5
15.131010188802087,1.5934315330868714,0.49500000000000005,0.5
15.134810188802085,1.6494315330868687,0.545,0.5050000000000001
15.1404101888021,1.6964315330868658,0.54,0.515
15.147210188802084,1.7374315330868626,0.54,0.47500000000000003
15.154610188802089,1.7754315330868664,0.5300000000000001,0.4800000000000001
15.162010188802078,1.813431533086856,0.525,0.49000000000000005
15.168810188802077,1.8544315330868741,0.515,0.49000000000000005
15.174410188802092,1.901431533086864,0.5050000000000001,0.49500000000000005
15.17821018880209,1.9574315330868686,0.55,0.49500000000000005
15.179610188802094,2.0254315330868664,0.55,0.5
15.181010188802084,2.0934315330868714,0.545,0.5
15.184810188802096,2.1494315330868687,0.545,0.5050000000000001
15.190410188802083,2.196431533086866,0.54,0.515
15.197210188802082,2.2374315330868626,0.54,0.525
15.204610188802086,2.2754315330868664,0.5300000000000001,0.52
15.21201018880209,2.313431533086863,0.525,0.49000000000000005
15.218810188802088,2.35443153308686,0.5650000000000001,0.49000000000000005
15.224410188802104,2.401431533086864,0.555,0.49500000000000005
15.228210188802088,2.4574315330868615,0.55,0.49500000000000005
15.229610188802091,2.5254315330868664,0.55,0.5
15.231010188802095,2.5934315330868714,0.545,0.5
15.234810188802093,2.6494315330868687,0.545,0.5050000000000001
15.24041018880208,2.696431533086866,0.54,0.515
15.247210188802093,2.7374315330868626,0.5900000000000001,0.47500000000000003
15.254610188802083,2.7754315330868664,0.5850000000000001,0.4800000000000001
15.262010188802087,2.8134315330868773,0.5750000000000001,0.49000000000000005
15.2688101888021,2.85443153308686,0.5650000000000001,0.49000000000000005
15.2744101888021,2.901431533086864,0.555,0.49500000000000005
15.278210188802085,2.9574315330868686,0.55,0.49500000000000005
15.279610188802089,3.0254315330868664,0.55,0.5
15.280960188802077,3.0934315330868714,0.545,0.5
15.284410188802092,3.1494315330868687,0.545,0.5050000000000001
15.289060188802075,3.196431533086866,0.54,0.5100000000000001
15.294010188802083,3.2374315330868626,0.535,0.515
15.298360188802086,3.2754315330868664,0.5300000000000001,0.52
15.301210188802095,3.313431533086863,0.525,0.52
15.301660188802096,3.354431533086874,0.525,0.52
15.298810188802086,3.401431533086864,0.5300000000000001,0.52
15.29176018880208,3.4574315330868615,0.54,0.515
15.279610188802089,3.5254315330868664,0.555,0.5050000000000001
15.270010188802082,3.5934315330868714,0.56,0.54
15.236410188802104,3.901431533086864,0.5950000000000001,0.6100000000000001
15.129610188802083,4.025431533086866,0.625,0.625
15.0616101888021,4.09203153308686,0.6000000000000001,0.5750000000000001
15.005610188802088,4.144231533086867,0.5800000000000001,0.5650000000000001
14.95861018880209,4.185631533086877,0.5750000000000001,0.5800000000000001
14.917610188802094,4.219831533086861,0.5850000000000001,0.5300000000000001
14.879610188802083,4.250431533086868,0.555,0.545
14.841610188802086,4.281031533086868,0.5700000000000001,0.52
14.80061018880209,4.315231533086866,0.5800000000000001,0.5100000000000001
14.753610188802092,4.356631533086855,0.5650000000000001,0.515
14.69761018880208,4.408831533086868,0.55,0.5300000000000001
14.629610188802083,4.475431533086862,0.5,0.5
14.560260188802097,4.543431533086874,0.4600000000000001,0.47500000000000003
14.500810188802085,4.5994315330868645,0.44000000000000006,0.47000000000000003
14.44916018880209,4.646431533086869,0.44000000000000006,0.47500000000000003
14.403210188802085,4.687431533086865,0.45,0.4850000000000001
14.360860188802086,4.725431533086862,0.405,0.47000000000000003
14.320010188802094,4.763431533086873,0.44500000000000006,0.4650000000000001
14.278560188802096,4.80443153308687,0.4600000000000001,0.47000000000000003
14.234410188802094,4.851431533086867,0.4650000000000001,0.47500000000000003
14.185460188802075,4.907431533086871,0.45,0.4650000000000001
14.129610188802083,4.975431533086862,0.45,0.47500000000000003
14.075210188802096,5.043431533086874,0.45,0.5050000000000001
14.030410188802087,5.099431533086857,0.44500000000000006,0.5100000000000001
13.992810188802089,5.146431533086869,0.49500000000000005,0.5100000000000001
13.960010188802094,5.18743153308688,0.47000000000000003,0.49500000000000005
13.929610188802094,5.225431533086862,0.4800000000000001,0.5100000000000001
13.899210188802094,5.263431533086852,0.4850000000000001,0.535
13.866410188802085,5.304431533086863,0.5100000000000001,0.525
13.828810188802088,5.351431533086867,0.5100000000000001,0.52
13.784010188802078,5.407431533086871,0.5050000000000001,0.5300000000000001
13.729610188802091,5.475431533086862,0.5100000000000001,0.5750000000000001
13.675160188802082,5.543431533086874,0.5300000000000001,0.5850000000000001
13.630010188802103,5.5994315330868645,0.5750000000000001,0.5900000000000001
13.591460188802081,5.646431533086869,0.5650000000000001,0.6000000000000001
13.556810188802096,5.687431533086865,0.555,0.6300000000000001
13.523360188802087,5.725431533086862,0.5950000000000001,0.5950000000000001
13.488410188802085,5.763431533086866,0.6000000000000001,0.625
13.449260188802093,5.804431533086863,0.5950000000000001,0.6150000000000001
13.403210188802099,5.851431533086867,0.6000000000000001,0.6050000000000001
13.347560188802085,5.907431533086871,0.6100000000000001,0.6100000000000001
13.279610188802089,5.975431533086862,0.6300000000000001,0.6400000000000001
13.211610188802084,6.046081533086863,0.6350000000000001,0.6550000000000001
13.155610188802079,6.108631533086864,0.6300000000000001,0.6550000000000001
13.108610188802096,6.1639815330868615,0.6350000000000001,0.6900000000000001
13.067610188802085,6.213031533086863,0.6350000000000001,0.7050000000000001
13.029610188802089,6.256681533086862,0.6150000000000001,0.7100000000000001
12.991610188802092,6.2958315330868615,0.6350000000000001,0.7150000000000001
12.779610188802089,6.425431533086865,0.7100000000000001,0.7100000000000001
12.711610188802084,6.455381533086872,0.685,0.6950000000000001
12.655610188802086,6.485031533086868,0.675,0.7000000000000001
12.608610188802082,6.514081533086859,0.6800000000000002,0.7000000000000001
12.5676101888021,6.542231533086856,0.7100000000000001,0.6900000000000001
12.529610188802089,6.569181533086862,0.7000000000000001,0.7200000000000001
12.45061018880208,6.618281533086865,0.6800000000000002,0.7200000000000001
12.279610188802089,6.675431533086865,0.665,0.7150000000000001
12.211610188802084,6.690431533086866,0.7000000000000001,0.6800000000000002
12.1556101888021,6.705431533086859,0.6950000000000001,0.7050000000000001
12.108610188802082,6.720431533086867,0.6900000000000001,0.6800000000000002
12.067610188802085,6.735431533086867,0.6800000000000002,0.7050000000000001
12.029610188802089,6.750431533086868,0.6800000000000002,0.7250000000000001
11.991610188802078,6.765431533086861,0.7050000000000001,0.7350000000000001
11.95061018880208,6.780431533086862,0.6800000000000002,0.6900000000000001
11.90361018880209,6.7954315330868695,0.6550000000000001,0.6950000000000001
11.847610188802086,6.810431533086877,0.6800000000000002,0.7000000000000001
11.779610188802089,6.825431533086864,0.6600000000000001,0.7150000000000001
11.711610188802084,6.838981533086866,0.645,0.7250000000000001
11.655610188802086,6.849831533086856,0.685,0.7350000000000001
11.608610188802096,6.858281533086874,0.675,0.7400000000000001
11.5676101888021,6.864631533086872,0.665,0.7450000000000001
11.529610188802089,6.869181533086866,0.6550000000000001,0.7450000000000001
11.491610188802099,6.872231533086861,0.65,0.7450000000000001
11.450610188802095,6.874081533086866,0.7000000000000001,0.7450000000000001
11.40361018880209,6.875031533086862,0.7000000000000001,0.7450000000000001
11.347610188802086,6.875381533086866,0.7000000000000001,0.7450000000000001
11.279610188802089,6.875431533086868,0.7000000000000001,0.7000000000000001
11.211610188802084,6.875431533086868,0.7000000000000001,0.6950000000000001
11.155610188802086,6.875431533086868,0.7000000000000001,0.6950000000000001
11.108610188802082,6.875431533086868,0.7000000000000001,0.6950000000000001
11.067610188802085,6.875431533086868,0.7000000000000001,0.6950000000000001
11.029610188802089,6.875431533086868,0.7000000000000001,0.6950000000000001
10.991610188802092,6.875431533086868,0.7000000000000001,0.6950000000000001
10.950610188802095,6.875431533086868,0.7000000000000001,0.6950000000000001
10.90361018880209,6.875431533086868,0.7000000000000001,0.6950000000000001
10.847610188802086,6.875431533086868,0.6950000000000001,0.7000000000000001
10.779610188802089,6.875431533086868,0.7000000000000001,0.6950000000000001
10.71161018880209,6.875431533086868,0.7000000000000001,0.6950000000000001
10.655610188802086,6.875431533086868,0.7000000000000001,0.6950000000000001
10.608610188802096,6.875431533086868,0.7000000000000001,0.6950000000000001
10.5676101888021,6.875431533086868,0.7000000000000001,0.6950000000000001
10.529610188802089,6.875431533086868,0.7000000000000001,0.6950000000000001
10.491610188802092,6.875431533086868,0.7000000000000001,0.6950000000000001
10.450610188802095,6.875431533086868,0.7000000000000001,0.6950000000000001
10.40361018880209,6.875431533086868,0.7000000000000001,0.6950000000000001
10.347610188802093,6.875431533086868,0.6950000000000001,0.7000000000000001
10.279610188802089,6.875431533086868,0.7000000000000001,0.6950000000000001
10.211610188802084,6.875431533086868,0.7000000000000001,0.6950000000000001
10.155610188802079,6.875431533086868,0.7000000000000001,0.6950000000000001
10.108610188802096,6.875431533086868,0.7000000000000001,0.6950000000000001
10.067610188802085,6.875431533086868,0.7000000000000001,0.6950000000000001
10.029610188802089,6.875431533086868,0.7000000000000001,0.6950000000000001
9.991610188802092,6.875431533086868,0.7000000000000001,0.6950000000000001
9.950610188802095,6.875431533086868,0.7000000000000001,0.6950000000000001
9.90361018880209,6.875431533086868,0.7000000000000001,0.6950000000000001
9.847610188802086,6.875431533086868,0.6950000000000001,0.7000000000000001
9.779610188802089,6.875431533086868,0.7000000000000001,0.6950000000000001
9.71161018880209,6.875431533086868,0.7000000000000001,0.6950000000000001
9.6556101888021,6.875431533086868,0.7000000000000001,0.6950000000000001
9.608610188802082,6.875431533086868,0.7000000000000001,0.6950000000000001
9.567610188802078,6.875431533086868,0.7000000000000001,0.6950000000000001
9.529610188802089,6.875431533086868,0.7000000000000001,0.6950000000000001
9.491610188802092,6.875431533086868,0.7000000000000001,0.6950000000000001
9.450610188802095,6.875431533086868,0.7000000000000001,0.6950000000000001
9.403610188802098,6.875431533086868,0.7000000000000001,0.6950000000000001
9.347610188802086,6.875431533086868,0.6950000000000001,0.7000000000000001
9.279610188802089,6.875431533086868,0.7000000000000001,0.6950000000000001
9.211610188802084,6.875431533086868,0.7000000000000001,0.6950000000000001
9.1556101888021,6.875431533086868,0.7000000000000001,0.6950000000000001
9.108610188802096,6.875431533086868,0.7000000000000001,0.6950000000000001
9.067610188802085,6.875431533086868,0.7000000000000001,0.6950000000000001
9.029610188802089,6.875431533086868,0.7000000000000001,0.6950000000000001
8.991610188802099,6.875431533086868,0.7000000000000001,0.6950000000000001
8.950610188802095,6.875431533086868,0.7000000000000001,0.6950000000000001
8.90361018880209,6.875431533086868,0.7000000000000001,0.6950000000000001
8.847610188802093,6.875431533086868,0.6950000000000001,0.7000000000000001
8.779610188802089,6.875431533086868,0.7000000000000001,0.6950000000000001
8.71161018880209,6.875431533086868,0.7000000000000001,0.6950000000000001
8.655610188802086,6.875431533086868,0.7000000000000001,0.6950000000000001
8.608610188802096,6.875431533086868,0.7000000000000001,0.6950000000000001
8.567610188802085,6.875431533086868,0.7000000000000001,0.6950000000000001
8.529610188802089,6.875431533086868,0.7000000000000001,0.6950000000000001
8.491610188802092,6.875431533086868,0.7000000000000001,0.6950000000000001
8.450610188802095,6.875431533086868,0.7000000000000001,0.6950000000000001
8.40361018880209,6.875431533086868,0.7000000000000001,0.6950000000000001
8.347610188802086,6.875431533086868,0.6950000000000001,0.7000000000000001
8.279610188802089,6.875431533086868,0.7000000000000001,0.6950000000000001
8.211610188802084,6.875431533086868,0.7000000000000001,0.6950000000000001
8.155610188802086,6.875431533086868,0.7000000000000001,0.6950000000000001
8.108610188802096,6.875431533086868,0.7000000000000001,0.6950000000000001
8.067610188802085,6.875431533086868,0.7000000000000001,0.6950000000000001
8.029610188802089,6.875431533086868,0.7000000000000001,0.6950000000000001
7.991610188802092,6.875431533086868,0.7000000000000001,0.6950000000000001
7.950610188802095,6.875431533086868,0.7000000000000001,0.6950000000000001
7.903610188802091,6.875431533086868,0.7000000000000001,0.6950000000000001
7.847610188802086,6.875431533086868,0.6950000000000001,0.7000000000000001
7.7796101888020885,6.875431533086868,0.7000000000000001,0.6950000000000001
7.711610188802091,6.875431533086868,0.7000000000000001,0.6950000000000001
7.6556101888021,6.875431533086868,0.7000000000000001,0.6950000000000001
7.608610188802082,6.875431533086868,0.7000000000000001,0.6950000000000001
7.567610188802085,6.875431533086868,0.7000000000000001,0.6950000000000001
7.5296101888020885,6.875431533086868,0.7000000000000001,0.6950000000000001
7.491610188802092,6.875431533086868,0.7000000000000001,0.6950000000000001
7.450610188802095,6.875431533086868,0.7000000000000001,0.6950000000000001
7.403610188802091,6.875431533086868,0.7000000000000001,0.6950000000000001
7.347610188802086,6.875431533086868,0.6950000000000001,0.7000000000000001
7.2796101888020885,6.875431533086868,0.7000000000000001,0.6950000000000001
7.211610188802091,6.875431533086868,0.7000000000000001,0.6950000000000001
7.155610188802079,6.875431533086868,0.7000000000000001,0.6950000000000001
7.108610188802082,6.875431533086868,0.7000000000000001,0.6950000000000001
7.067610188802085,6.875431533086868,0.7000000000000001,0.6950000000000001
7.0296101888020885,6.875431533086868,0.7000000000000001,0.6950000000000001
6.991610188802092,6.875431533086868,0.7000000000000001,0.6950000000000001
6.950610188802095,6.875431533086868,0.7000000000000001,0.6950000000000001
6.903610188802091,6.875431533086868,0.7000000000000001,0.6950000000000001
6.8476101888020935,6.875431533086868,0.6950000000000001,0.7000000000000001
6.7796101888020885,6.875431533086868,0.7000000000000001,0.6950000000000001
6.711610188802091,6.875431533086868,0.7000000000000001,0.6950000000000001
6.6556101888021,6.875431533086868,0.7000000000000001,0.6950000000000001
6.608610188802096,6.875431533086868,0.7000000000000001,0.6950000000000001
6.567610188802085,6.875431533086868,0.7000000000000001,0.6950000000000001
6.5296101888020885,6.875431533086868,0.7000000000000001,0.6950000000000001
6.491610188802099,6.875431533086868,0.7000000000000001,0.6950000000000001
6.450610188802081,6.875431533086868,0.7000000000000001,0.6950000000000001
6.403610188802091,6.875431533086868,0.7000000000000001,0.6950000000000001
6.347610188802086,6.875431533086868,0.6950000000000001,0.7000000000000001
6.2796101888020885,6.875431533086868,0.7000000000000001,0.6950000000000001
6.211610188802091,6.875431533086868,0.7000000000000001,0.6950000000000001
6.1556101888021,6.875431533086868,0.7000000000000001,0.6950000000000001
6.108610188802096,6.875431533086868,0.7000000000000001,0.6950000000000001
6.067610188802085,6.875431533086868,0.7000000000000001,0.6950000000000001
6.0296101888020885,6.875431533086868,0.7000000000000001,0.6950000000000001
5.991610188802092,6.875431533086868,0.7000000000000001,0.6950000000000001
5.950610188802095,6.875431533086868,0.7000000000000001,0.6950000000000001
5.903610188802091,6.875431533086868,0.7000000000000001,0.6950000000000001
5.847610188802086,6.875431533086868,0.6950000000000001,0.7000000000000001
5.7796101888020885,6.875431533086868,0.7000000000000001,0.6950000000000001
5.711610188802091,6.875431533086868,0.7000000000000001,0.6950000000000001
5.655610188802086,6.875431533086868,0.7000000000000001,0.6950000000000001
5.608610188802096,6.875431533086868,0.7000000000000001,0.6950000000000001
5.567610188802085,6.875431533086868,0.7000000000000001,0.6950000000000001
5.5296101888020885,6.875431533086868,0.7000000000000001,0.6950000000000001
5.491610188802092,6.875431533086868,0.7000000000000001,0.6950000000000001
5.450610188802095,6.875431533086868,0.7000000000000001,0.6950000000000001
5.403610188802091,6.875431533086868,0.7000000000000001,0.6950000000000001
5.347610188802086,6.875431533086868,0.6950000000000001,0.7000000000000001
5.2796101888020885,6.875431533086868,0.7000000000000001,0.7000000000000001
5.211610188802091,6.876831533086865,0.6950000000000001,0.7000000000000001
5.155610188802086,6.88063153308687,0.6950000000000001,0.7050000000000001
5.108610188802082,6.886231533086857,0.6950000000000001,0.7150000000000001
5.0676101888020995,6.8930315330868694,0.6900000000000001,0.7250000000000001
5.0296101888020885,6.900431533086866,0.685,0.7350000000000001
4.991610188802092,6.907831533086863,0.675,0.7400000000000001
4.950610188802095,6.914631533086869,0.665,0.7450000000000001
4.903610188802091,6.920231533086863,0.6550000000000001,0.7450000000000001
4.847610188802086,6.924031533086861,0.65,0.7450000000000001
4.7796101888020885,6.925431533086865,0.65,0.7450000000000001
4.711610188802084,6.924031533086861,0.65,0.7450000000000001
4.655610188802086,6.920231533086877,0.6550000000000001,0.7450000000000001
4.608610188802082,6.914631533086869,0.665,0.7450000000000001
4.567610188802078,6.9078315330868705,0.675,0.7400000000000001
4.5296101888020885,6.900431533086866,0.685,0.7350000000000001
4.491610188802092,6.893031533086855,0.6900000000000001,0.7250000000000001
4.450610188802095,6.886231533086857,0.6950000000000001,0.7150000000000001
4.403610188802091,6.88063153308687,0.6950000000000001,0.7050000000000001
4.347610188802086,6.876831533086865,0.6950000000000001,0.7000000000000001
4.2796101888020885,6.875431533086868,0.7000000000000001,0.7000000000000001
4.211610188802084,6.875431533086868,0.7000000000000001,0.6950000000000001
4.155610188802086,6.875431533086868,0.7000000000000001,0.6950000000000001
4.108610188802096,6.875431533086868,0.7000000000000001,0.6950000000000001
4.067610188802085,6.875431533086868,0.7000000000000001,0.6950000000000001
4.0296101888020885,6.875431533086868,0.7000000000000001,0.6950000000000001
3.991610188802092,6.875431533086868,0.7000000000000001,0.6950000000000001
3.950610188802095,6.875431533086868,0.7000000000000001,0.6950000000000001
3.903610188802091,6.875431533086868,0.7000000000000001,0.6950000000000001
3.8476101888020935,6.875431533086868,0.6950000000000001,0.7000000000000001
3.7796101888020885,6.875431533086868,0.7000000000000001,0.6950000000000001
3.7116101888020836,6.875431533086868,0.7000000000000001,0.6950000000000001
3.655610188802086,6.875431533086868,0.7000000000000001,0.6950000000000001
3.608610188802082,6.875431533086868,0.7000000000000001,0.6950000000000001
3.5676101888020852,6.875431533086868,0.7000000000000001,0.6950000000000001
3.5296101888020885,6.875431533086868,0.7000000000000001,0.6950000000000001
3.491610188802092,6.875431533086868,0.7000000000000001,0.6950000000000001
3.450610188802095,6.875431533086868,0.7000000000000001,0.6950000000000001
3.403610188802091,6.875431533086868,0.7000000000000001,0.6950000000000001
3.3476101888020935,6.875431533086868,0.6950000000000001,0.7000000000000001
3.2796101888020885,6.875431533086868,0.7000000000000001,0.6950000000000001
3.2116101888020836,6.875431533086868,0.7000000000000001,0.6950000000000001
3.1556101888021004,6.875431533086868,0.7000000000000001,0.6950000000000001
3.1086101888020963,6.875431533086868,0.7000000000000001,0.6950000000000001
3.0676101888020852,6.875431533086868,0.7000000000000001,0.6950000000000001
3.0296101888020885,6.875431533086868,0.7000000000000001,0.6950000000000001
2.991610188802092,6.875431533086868,0.7000000000000001,0.6950000000000001
2.950610188802095,6.875431533086868,0.7000000000000001,0.6950000000000001
2.903610188802091,6.875431533086868,0.7000000000000001,0.6950000000000001
2.8476101888020935,6.875431533086868,0.6950000000000001,0.7000000000000001
2.7796101888020885,6.875431533086868,0.7000000000000001,0.6950000000000001
2.7116101888020836,6.875431533086868,0.7000000000000001,0.6950000000000001
2.655610188802086,6.875431533086868,0.7000000000000001,0.6950000000000001
2.6086101888020963,6.875431533086868,0.7000000000000001,0.6950000000000001
2.5676101888020852,6.875431533086868,0.7000000000000001,0.6950000000000001
2.5296101888020885,6.875431533086868,0.7000000000000001,0.6950000000000001
2.491610188802092,6.875431533086868,0.7000000000000001,0.6950000000000001
2.450610188802081,6.875431533086868,0.7000000000000001,0.6950000000000001
2.403610188802091,6.875431533086868,0.7000000000000001,0.6950000000000001
2.3476101888020864,6.875431533086868,0.6950000000000001,0.7000000000000001
2.2796101888020885,6.875431533086868,0.7000000000000001,0.6950000000000001
2.2116101888020836,6.875431533086868,0.7000000000000001,0.6950000000000001
2.155610188802086,6.875431533086868,0.7000000000000001,0.6950000000000001
2.108610188802082,6.875431533086868,0.7000000000000001,0.6950000000000001
2.0676101888020852,6.875431533086868,0.7000000000000001,0.6950000000000001
2.0296101888020885,6.875431533086868,0.7000000000000001,0.6950000000000001
1.9916101888020918,6.875431533086868,0.7000000000000001,0.6950000000000001
1.950610188802095,6.875431533086868,0.7000000000000001,0.6950000000000001
1.9036101888020909,6.875431533086868,0.7000000000000001,0.6950000000000001
1.8476101888020935,6.875431533086868,0.6950000000000001,0.7000000000000001
1.7796101888020885,6.875431533086868,0.7000000000000001,0.6950000000000001
1.7116101888020907,6.875431533086868,0.7000000000000001,0.6950000000000001
1.6556101888020862,6.875431533086868,0.7000000000000001,0.6950000000000001
1.608610188802082,6.875431533086868,0.7000000000000001,0.6950000000000001
1.5676101888020781,6.875431533086868,0.6950000000000001,0.7000000000000001
1.5296101888020885,6.875431533086868,0.7000000000000001,0.6950000000000001
1.4916101888020918,6.875431533086868,0.6950000000000001,0.7000000000000001
1.450610188802095,6.875431533086868,0.7000000000000001,0.6950000000000001
1.4036101888020909,6.875431533086868,0.7000000000000001,0.6950000000000001
1.3476101888020935,6.875431533086868,0.7000000000000001,0.6950000000000001
1.2796101888020885,6.875431533086868,0.7000000000000001,0.6950000000000001
1.2116101888020907,6.875431533086868,0.7000000000000001,0.6950000000000001
1.1556101888020862,6.875431533086868,0.7000000000000001,0.6950000000000001
1.108610188802082,6.875431533086868,0.7000000000000001,0.6950000000000001
1.0676101888020852,6.875431533086868,0.6950000000000001,0.7000000000000001
1.0296101888020885,6.875431533086868,0.7000000000000001,0.6950000000000001
0.991610188802099,6.875431533086868,0.6950000000000001,0.7000000000000001
0.9506101888020879,6.875431533086868,0.7000000000000001,0.6950000000000001
0.903610188802098,6.875431533086868,0.7000000000000001,0.6950000000000001
0.8476101888020864,6.875431533086868,0.7000000000000001,0.6950000000000001
0.7796101888020885,6.875431533086868,0.7000000000000001,0.6950000000000001
0.7116101888020907,6.875431533086868,0.7000000000000001,0.6950000000000001
0.6556101888020862,6.875431533086868,0.7000000000000001,0.6950000000000001
0.6086101888020892,6.875431533086868,0.7000000000000001,0.6950000000000001
0.5676101888020852,6.875431533086868,0.6950000000000001,0.7000000000000001
0.5296101888020885,6.875431533086868,0.7000000000000001,0.6950000000000001
0.49161018880209184,6.875431533086868,0.6950000000000001,0.7000000000000001
0.4506101888020879,6.875431533086868,0.7000000000000001,0.6950000000000001
0.4036101888020909,6.875431533086868,0.7000000000000001,0.6950000000000001
0.3476101888020864,6.875431533086868,0.7000000000000001,0.6950000000000001
0.27961018880208854,6.875431533086868,0.7000000000000001,0.7000000000000001
0.2116101888020907,6.874081533086866,0.7000000000000001,0.6950000000000001
0.1556101888020791,6.870631533086865,0.7050000000000001,0.6950000000000001
0.10861018880209627,6.865981533086874,0.7100000000000001,0.6900000000000001
0.06761018880208525,6.861031533086866,0.7150000000000001,0.6900000000000001
0.029610188802088544,6.856681533086864,0.7200000000000001,0.6800000000000002
-0.008389811197915265,6.8538315330868755,0.7200000000000001,0.675
-0.15238981119791362,6.8632815330868695,0.7200000000000001,0.6950000000000001
-0.22038981119791146,6.875431533086868,0.7100000000000001,0.7100000000000001
-0.2883898111979093,6.888981533086863,0.6950000000000001,0.7250000000000001
-0.3443898111979067,6.899831533086854,0.685,0.7350000000000001
-0.3913898111979037,6.908281533086864,0.675,0.7400000000000001
-0.43238981119791475,6.914631533086869,0.665,0.7450000000000001
-0.47038981119791146,6.919181533086864,0.6550000000000001,0.7450000000000001
-0.508389811197901,6.9222315330868724,0.65,0.7450000000000001
-0.549389811197905,6.924081533086863,0.65,0.7450000000000001
-0.5963898111979091,6.925031533086866,0.65,0.7450000000000001
-0.6523898111979136,6.925381533086863,0.65,0.7450000000000001
-0.7203898111979115,6.925431533086865,0.65,0.75
-1.0963898111979091,6.8934315330868685,0.75,0.79
-1.1523898111979136,6.864681533086859,0.75,0.79
-1.2203898111979115,6.825431533086864,0.81,0.81
-1.288289811197906,6.784531533086863,0.8250000000000001,0.8
-1.3435898111979014,6.750231533086861,0.86,0.8
-1.3886898111979065,6.720131533086864,0.915,0.8050000000000002
-1.62038981119791,6.425431533086865,1.0650000000000002,0.775
-1.6611398111979057,6.35743153308686,1.0550000000000002,0.8
-1.6943898111979152,6.301431533086863,1.07,0.7800000000000001
-1.7216398111979032,6.2544315330868585,1.03,0.8050000000000002
-1.7443898111979195,6.213431533086862,1.05,0.8150000000000001
-1.7641398111979143,6.175431533086865,1.0100000000000002,0.7800000000000001
-1.782389811197909,6.137431533086868,1.03,0.7800000000000001
-1.8006398111979038,6.0964315330868715,1.0,0.795
-1.8203898111979129,6.049431533086867,0.9700000000000002,0.81
-1.8431398111979078,5.993431533086863,0.9450000000000002,0.775
-1.87038981119791,5.925431533086865,0.9700000000000002,0.81
-1.8989398111979057,5.857431533086867,0.9500000000000001,0.795
-1.9247898111979111,5.801431533086863,0.935,0.7800000000000001
-1.9482398111979151,5.754431533086873,0.9200000000000002,0.8150000000000001
-1.9695898111979133,5.713431533086862,0.9,0.8400000000000001
-1.9891398111979086,5.675431533086865,0.8700000000000001,0.8
-2.024039811197916,5.5964315330868715,0.795,0.8
-2.0399898111979056,5.549431533086867,0.7600000000000001,0.8
-2.0553398111979178,5.493431533086863,0.7350000000000001,0.8050000000000002
-2.070389811197913,5.425431533086865,0.7100000000000001,0.8150000000000001
-2.082589811197913,5.35743153308686,0.6950000000000001,0.8200000000000002
-2.08998981119791,5.301431533086863,0.6800000000000002,0.8200000000000002
-2.093789811197915,5.2544315330868585,0.675,0.8200000000000002
-2.095189811197919,5.213431533086862,0.675,0.8200000000000002
-2.0953898111979115,5.175431533086865,0.675,0.775
-2.095589811197911,5.137431533086875,0.67,0.775
-2.096989811197915,5.0964315330868715,0.67,0.775
-2.100789811197913,5.049431533086867,0.67,0.7300000000000001
-2.108189811197917,4.993431533086863,0.67,0.7450000000000001
-2.12038981119791,4.925431533086865,0.6600000000000001,0.7100000000000001
-2.135339811197902,4.857431533086867,0.65,0.6800000000000002
-2.149989811197912,4.801431533086863,0.6400000000000001,0.7050000000000001
-2.1640398111979167,4.7544315330868585,0.6300000000000001,0.7250000000000001
-2.1771898111979127,4.713431533086862,0.6200000000000001,0.685
-2.1891398111979115,4.675431533086865,0.6050000000000001,0.6950000000000001
-2.208239811197913,4.596431533086857,0.5700000000000001,0.6950000000000001
-2.2147898111979103,4.549431533086867,0.555,0.6950000000000001
-2.218939811197913,4.493431533086863,0.55,0.6950000000000001
-2.2203898111979115,4.425431533086865,0.55,0.7000000000000001
-2.221789811197908,4.357431533086867,0.545,0.7000000000000001
-2.2255898111979064,4.301431533086863,0.545,0.6550000000000001
-2.2311898111979076,4.254431533086873,0.54,0.665
-2.237989811197913,4.213431533086862,0.54,0.625
-2.24538981119791,4.175431533086865,0.5300000000000001,0.6350000000000001
-2.252789811197914,4.137431533086868,0.525,0.6400000000000001
-2.2595898111979196,4.0964315330868715,0.515,0.645
-2.2651898111979065,4.049431533086867,0.5050000000000001,0.645
-2.268989811197912,3.993431533086863,0.5,0.645
-2.2703898111979086,3.925431533086865,0.5,0.6000000000000001
-2.2717898111979054,3.857431533086867,0.49500000000000005,0.6000000000000001
-2.2755898111979107,3.8014315330868627,0.49500000000000005,0.6050000000000001
-2.281189811197912,3.7544315330868585,0.49000000000000005,0.5650000000000001
-2.2879898111979102,3.7134315330868617,0.49000000000000005,0.5750000000000001
-2.2953898111979143,3.675431533086865,0.4800000000000001,0.5850000000000001
-2.3027898111979113,3.6374315330868683,0.47500000000000003,0.5900000000000001
-2.3095898111979025,3.5964315330868573,0.4650000000000001,0.5950000000000001
-2.315189811197911,3.5494315330868673,0.455,0.5950000000000001
-2.318989811197902,3.493431533086863,0.45,0.545
-2.320389811197913,3.425431533086865,0.45,0.55
-2.320389811197913,3.357431533086867,0.45,0.545
-2.3203898111979058,3.3014315330868627,0.45,0.545
-2.320389811197913,3.2544315330868727,0.45,0.49500000000000005
-2.320389811197913,3.2134315330868546,0.45,0.49500000000000005
-2.320389811197913,3.175431533086865,0.45,0.49500000000000005
-2.320389811197913,3.1374315330868683,0.45,0.49500000000000005
-2.320389811197913,3.0964315330868715,0.45,0.49500000000000005
-2.320389811197913,3.0494315330868673,0.45,0.49500000000000005
-2.320389811197913,2.9934315330868486,0.45,0.49500000000000005
-2.320389811197913,2.925431533086865,0.45,0.49500000000000005
-2.320389811197913,2.857431533086867,0.45,0.49500000000000005
-2.3203898111979058,2.8014315330868627,0.45,0.49500000000000005
-2.320389811197913,2.7544315330868727,0.45,0.49500000000000005
-2.320389811197913,2.7134315330868617,0.45,0.49500000000000005
-2.320389811197913,2.675431533086865,0.45,0.49500000000000005
-2.320389811197913,2.6374315330868754,0.45,0.49500000000000005
-2.320389811197913,2.5964315330868573,0.45,0.49500000000000005
-2.320389811197913,2.5494315330868673,0.45,0.49500000000000005
-2.320389811197913,2.493431533086863,0.45,0.49500000000000005
-2.320389811197913,2.425431533086865,0.45,0.49500000000000005
-2.320389811197913,2.357431533086867,0.45,0.49500000000000005
-2.3203898111979058,2.3014315330868627,0.45,0.49500000000000005
-2.320389811197913,2.2544315330868585,0.45,0.49500000000000005
-2.320389811197913,2.2134315330868546,0.45,0.49500000000000005
-2.320389811197913,2.175431533086865,0.45,0.49500000000000005
-2.320389811197913,2.1374315330868683,0.45,0.49500000000000005
-2.320389811197913,2.0964315330868715,0.45,0.49500000000000005
-2.320389811197913,2.0494315330868673,0.45,0.49500000000000005
-2.320389811197913,1.9934315330868628,0.45,0.49500000000000005
-2.320389811197913,1.925431533086865,0.45,0.49500000000000005
-2.320389811197913,1.85743153308686,0.45,0.49500000000000005
-2.3203898111979058,1.8014315330868627,0.45,0.49500000000000005
-2.320389811197913,1.7544315330868585,0.45,0.545
-2.320389811197913,1.7134315330868617,0.45,0.545
-2.320389811197913,1.675431533086865,0.45,0.545
-2.320389811197913,1.6374315330868683,0.45,0.545
-2.320389811197913,1.5964315330868715,0.45,0.545
-2.320389811197913,1.5494315330868673,0.45,0.545
-2.320389811197913,1.4934315330868628,0.45,0.545
-2.320389811197913,1.425431533086865,0.45,0.55
-2.320339811197911,1.35743153308686,0.45,0.545
-2.3199898111979067,1.3014315330868627,0.45,0.5950000000000001
-2.3190398111979107,1.2544315330868585,0.45,0.5950000000000001
-2.3171898111979132,1.213431533086876,0.45,0.5950000000000001
-2.3141398111979115,1.175431533086865,0.455,0.5950000000000001
-2.3095898111979096,1.1374315330868683,0.4650000000000001,0.5900000000000001
-2.303239811197905,1.0964315330868573,0.47000000000000003,0.5900000000000001
-2.2947898111979086,1.0494315330868673,0.4800000000000001,0.5800000000000001
-2.283939811197911,0.9934315330868628,0.49500000000000005,0.5700000000000001
-2.2703898111979086,0.925431533086865,0.5050000000000001,0.6100000000000001
-2.258139811197914,0.8574315330868671,0.515,0.5950000000000001
-2.2503898111979055,0.8014315330868627,0.52,0.6300000000000001
-2.245639811197904,0.7544315330868656,0.525,0.675
-2.242389811197917,0.7134315330868617,0.525,0.7200000000000001
-2.2391398111979086,0.675431533086865,0.5300000000000001,0.7200000000000001
-2.2343898111979072,0.6374315330868683,0.54,0.7200000000000001
-2.1961398111979022,0.49343153308686283,0.6050000000000001,0.7150000000000001
-1.6083898111979096,-0.013768466913134603,0.6150000000000001,0.7450000000000001
-1.5703898111979129,-0.018318466913136433,0.6050000000000001,0.7450000000000001
-1.532389811197909,-0.021368466913138207,0.6000000000000001,0.7450000000000001
-1.4913898111979123,-0.02321846691313567,0.6000000000000001,0.7450000000000001
-1.4443898111979152,-0.02416846691313168,0.6000000000000001,0.7450000000000001
-1.3883898111979036,-0.024518466913136194,0.6000000000000001,0.6950000000000001
-1.3203898111979129,-0.024568466913137854,0.6000000000000001,0.7000000000000001
-1.252389811197908,-0.024568466913137854,0.5950000000000001,0.7000000000000001
-1.1963898111979105,-0.024568466913137854,0.5950000000000001,0.7000000000000001
-1.1493898111979135,-0.024568466913137854,0.5950000000000001,0.7000000000000001
-1.1083898111979025,-0.024568466913137854,0.5950000000000001,0.7000000000000001
-1.0703898111979129,-0.024568466913137854,0.5950000000000001,0.7000000000000001
-1.032389811197909,-0.024568466913137854,0.5950000000000001,0.7000000000000001
-0.9913898111979123,-0.024568466913137854,0.5950000000000001,0.7000000000000001
-0.9443898111979152,-0.024568466913137854,0.5950000000000001,0.7000000000000001
-0.8883898111979036,-0.024568466913137854,0.5950000000000001,0.7000000000000001
-0.8203898111979129,-0.024568466913137854,0.6000000000000001,0.7000000000000001
-0.739789811197916,-0.021818466913138934,0.6000000000000001,0.6950000000000001
-0.6495898111979059,-0.014568466913132738,0.6100000000000001,0.6900000000000001
-0.5521898111979127,-0.004318466913133534,0.6200000000000001,0.6800000000000002
-0.44998981119790216,0.007431533086865727,0.6350000000000001,0.67
-0.34538981119791146,0.019181533086864988,0.645,0.6550000000000001
-0.24078981119792076,0.029431533086864192,0.6550000000000001,0.645
-0.13858981119791025,0.03668153308687039,0.6600000000000001,0.6350000000000001
-0.041189811197909876,0.0394315330868622,0.6600000000000001,0.6350000000000001
